SYMBOL,SERIES,LTP,%CHANGE,MARKET CAPITAL (₹ Crores),VOLUME (Lakhs),VALUE (₹ Crores)
KOTAKBANK,EQ,418.35,0.32,416169.61,766.37,3271.26
HDFCBANK,EQ,721.2,1.76,1111989.24,373.9,2679.06
RELIANCE,EQ,1167.7,-1.63,1580194.55,167.71,1967.45
BSE,EQ,3046.0,-1.49,124241.49,62.73,1918.12
ICICIBANK,EQ,1310.6,-0.84,940832.52,131.63,1735.21
TARIL,EQ,284.0,5.15,8524.71,572.8,1655.23
M&M,EQ,2860.0,-3.05,355649.25,54.53,1558.18
INFY,EQ,1035.0,4.11,420031.63,151.66,1540.94
BAJAJ-AUTO,EQ,10045.0,-7.62,276040.46,14.91,1510.04
HEROMOTORS,EQ,167.8,10.0,7621.74,871.75,1431.15
POLICYBZR,EQ,980.0,-7.89,45349.77,140.62,1403.28
MOLBIO,EQ,1507.0,15.13,17366.67,87.52,1284.31
MARUTI,EQ,11386.0,-4.86,357978.77,8.86,1022.3
ADANIENSOL,EQ,1326.4,0.9,162212.68,72.67,986.95
BHARTIARTL,EQ,1741.1,-0.9,1086533.64,56.1,980.53
ETERNAL,EQ,313.9,-1.91,302924.51,297.17,932.8
AXISBANK,EQ,1217.1,-0.73,378953.05,70.05,859.01
TATASTEEL,EQ,178.0,-3.42,222206.78,476.6,858.98
LT,EQ,3693.4,-1.77,508173.06,22.21,820.78
ADANIGREEN,EQ,1276.1,-0.15,209458.27,63.55,814.56
CUPID,EQ,311.8,0.05,41926.52,255.39,796.82
IDEA,EQ,12.64,-2.39,136945.6,6124.9,783.99
APOLLOHOSP,EQ,8133.5,-0.39,116947.25,9.39,754.9
TCS,EQ,2075.0,1.19,750753.16,34.29,709.99
SBIN,EQ,954.1,-0.56,880707.46,73.9,706.79
GKSL,EQ,194.65,8.71,1534.68,349.35,694.34
ADANIPOWER,EQ,196.21,-3.82,378384.99,335.48,663.05
MCX,EQ,3204.0,-2.92,81699.39,20.03,651.06
COFORGE,EQ,1826.0,4.4,80880.12,34.19,615.64
ULTRACEMCO,EQ,10710.0,-2.25,315601.39,5.71,611.17
WELCORP,EQ,2580.1,-5.04,68060.62,23.09,603.16
ADANIENT,EQ,2816.8,-2.98,381234.21,21.0,596.7
JIOFIN,EQ,212.5,-2.02,140316.76,280.82,596.13
ATHERENERG,EQ,1406.1,-1.33,55698.32,42.11,587.79
SSRETAIL,EQ,702.0,-6.34,5220.6,80.32,577.92
EICHERMOT,EQ,6920.0,-3.22,189969.02,8.17,567.26
SBILIFE,EQ,1721.6,1.49,172746.22,33.3,567.11
HINDALCO,EQ,941.85,0.01,211655.03,58.78,550.51
ENRIN,EQ,3334.0,4.19,118730.58,16.5,547.21
BAJFINANCE,EQ,948.3,-1.16,590375.0,56.99,539.81
WELSPUNLIV,EQ,239.0,5.13,22579.59,225.17,536.48
BHEL,EQ,421.0,1.32,146594.87,126.69,533.62
FORTIS,EQ,785.0,1.95,59264.21,69.43,533.38
SHRIRAMFIN,EQ,945.0,-3.84,222362.76,56.0,532.65
ELEVATE,EQ,345.0,6.83,5814.32,154.47,525.26
DIVISLAB,EQ,9249.0,-0.46,245531.89,5.67,521.2
MAXHEALTH,EQ,940.95,1.2,91583.63,54.64,507.39
MOREPENLAB,EQ,133.6,6.04,7320.66,379.73,499.73
TVSMOTOR,EQ,4021.0,-2.07,191032.53,12.35,493.97
KARAMTARA,EQ,409.5,3.58,13178.64,117.86,486.61
SAIL,EQ,174.5,-3.85,72077.67,262.07,459.41
POWERINDIA,EQ,31290.0,2.15,139466.92,1.45,451.83
RITES,EQ,211.02,0.94,10141.7,213.9,449.41
SYMBIOTEC,EQ,1197.3,1.74,7693.38,37.14,448.1
HEROMOTOCO,EQ,5168.0,-1.39,103432.98,8.63,446.0
KANOHAR,EQ,914.0,6.68,7237.68,50.03,442.79
TDPOWERSYS,EQ,793.0,0.88,24777.83,53.7,427.93
HCLTECH,EQ,1243.1,1.07,337335.71,34.3,425.96
TMPV,EQ,279.4,-1.45,102909.73,152.58,423.11
ITC,EQ,255.9,-2.61,320721.89,164.47,423.04
KALYANKJIL,EQ,528.5,-4.46,54580.89,78.31,419.62
SUNPHARMA,EQ,1801.0,-0.86,432110.05,23.15,418.35
DLF,EQ,658.4,-2.31,162974.74,62.64,414.11
GRASIM,EQ,2962.0,-3.26,201575.27,13.86,411.46
TECHM,EQ,1533.0,0.59,150258.39,26.63,407.98
CGPOWER,EQ,879.0,2.9,138482.06,46.33,406.92
FEDDERSHOL,EQ,63.85,3.8,1286.04,610.9,399.23
RATNAVEER,EQ,345.0,4.31,2895.46,115.6,396.45
BAJAJFINSV,EQ,1732.6,0.09,277573.15,22.92,394.76
SOLARINDS,EQ,19400.0,-1.52,175550.71,2.05,393.36
BEL,EQ,383.1,-1.34,280037.63,102.5,391.83
PACEDIGITK,EQ,167.0,4.39,3604.72,227.73,390.43
JSWSTEEL,EQ,1233.0,-1.63,301524.47,31.58,389.91
AZAD,EQ,2853.0,-3.72,18425.17,13.35,383.59
ADANIPORTS,EQ,1737.8,-3.36,400382.01,21.58,377.76
POLYCAB,EQ,7990.0,-0.45,120402.58,4.64,371.38
HYUNDAI,EQ,2024.0,-0.34,164458.32,17.96,366.47
MOTHERSON,EQ,157.03,-3.82,165729.68,230.39,362.99
INDUSTOWER,EQ,376.25,0.82,99260.87,94.98,360.14
VBL,EQ,425.3,-1.55,143857.5,85.16,359.95
FEDERALBNK,EQ,318.2,0.25,78649.02,112.79,359.34
SUNTV,EQ,600.3,-0.78,23656.9,60.14,355.48
LEMONTREE,EQ,107.25,2.88,8496.84,321.97,351.82
LENSKART,EQ,690.0,0.72,120012.13,50.44,345.99
APLAPOLLO,EQ,2115.7,-3.4,58744.19,16.16,343.89
HAL,EQ,4601.0,-1.44,307703.38,7.4,342.92
NETWEB,EQ,4518.0,-0.66,26858.4,7.53,342.18
GVT&D,EQ,4253.2,1.24,108901.71,7.85,335.66
DIXON,EQ,12700.0,-3.05,77686.64,2.59,333.69
SWIGGY,EQ,238.0,-4.84,65695.46,137.85,331.79
SYRMA,EQ,1720.0,-3.53,33166.84,18.74,330.01
KAYNES,EQ,3399.0,-2.91,22848.92,9.64,329.83
GROWW,EQ,180.3,-1.96,113112.95,180.77,326.76
PAYTM,EQ,1656.0,-1.31,106250.26,19.37,321.26
NTPC,EQ,315.1,-2.37,305541.95,100.94,320.64
MONEYVIEW,EQ,55.0,0.0,9681.27,567.36,320.1
COALINDIA,EQ,420.4,-1.08,259081.1,75.15,316.36
DRREDDY,EQ,1206.2,-2.17,100676.6,26.08,316.11
TITAN,EQ,4515.7,-1.55,400897.6,6.94,315.21
HINDCOPPER,EQ,464.0,-1.83,44869.91,68.27,313.75
PFC,EQ,318.0,-2.3,104943.24,97.78,311.37
PCJEWELLER,EQ,12.92,-2.12,12585.48,2410.53,310.72
ASHOKLEY,EQ,150.48,-2.41,88389.76,205.74,310.01
LICHSGFIN,EQ,509.0,-4.0,27998.21,59.86,307.35
TMCV,EQ,418.1,-0.84,153977.42,74.09,304.74
AUGMONT,EQ,1195.2,9.99,10920.96,25.04,295.47
WIPRO,EQ,159.35,0.54,157840.09,185.22,294.75
INDIGO,EQ,4929.9,-1.09,190622.77,5.93,292.55
ONGC,EQ,222.37,-1.52,279747.67,131.0,291.74
ZYDUSLIFE,EQ,1145.7,-1.4,114284.01,25.47,291.14
INDHOTEL,EQ,718.0,-1.46,102202.43,40.24,290.93
LAURUSLABS,EQ,1984.0,0.2,107197.94,14.6,289.51
VAML,EQ,403.0,-2.4,157588.64,69.86,283.5
POWERGRID,EQ,254.55,-2.28,236746.87,109.77,280.36
SONACOMS,EQ,805.0,-3.01,50242.34,34.98,280.17
IFCI,EQ,65.01,-5.47,17515.74,419.1,276.56
CHOLAFIN,EQ,1580.0,-2.47,134981.07,17.0,270.1
PERSISTENT,EQ,5367.0,1.67,84664.43,5.06,269.48
PIXTRANS,EQ,1774.8,2.77,2418.2,14.55,268.28
LALITHAA,EQ,386.0,1.07,21604.8,70.23,268.14
NAUKRI,EQ,1200.0,-1.6,77810.47,22.2,266.65
RECLTD,EQ,287.75,-3.76,75771.02,90.69,264.28
MPHASIS,EQ,2250.2,4.45,42967.58,11.78,262.99
HDFCAMC,EQ,2308.1,1.2,99034.43,11.34,260.16
VEDL,EQ,252.05,-2.68,98561.33,101.32,254.85
NYKAA,EQ,324.95,1.55,93075.26,79.07,254.17
CHENNPETRO,EQ,1341.0,-6.64,19969.02,18.39,252.22
DMART,EQ,3813.0,0.31,248701.39,6.52,249.44
LODHA,EQ,1105.6,-2.59,110492.1,22.49,248.54
AUBANK,EQ,987.0,-2.31,74160.08,24.88,247.43
ENGINERSIN,EQ,312.0,0.78,17535.72,79.12,246.38
HINDUNILVR,EQ,1836.0,-2.29,431384.96,13.32,245.68
APARINDS,EQ,17680.0,1.7,74030.29,1.38,242.94
DELTACORP,EQ,73.68,-8.48,1972.94,312.38,240.81
ASIANPAINT,EQ,2407.0,0.18,230878.91,10.06,240.04
MANAPPURAM,EQ,308.9,-2.2,29016.09,76.54,238.78
PINELABS,EQ,167.56,-2.46,19348.97,139.25,236.32
TRENT,EQ,2580.0,-1.59,137573.93,8.97,231.59
IRCON,EQ,110.7,-5.46,10411.51,208.52,231.26
LICI,EQ,391.85,-0.85,495690.07,58.63,229.39
IDBI,EQ,87.1,5.96,93653.42,267.14,226.72
GLENMARK,EQ,2331.0,-0.16,65786.57,9.73,226.09
RBLBANK,EQ,411.4,2.0,63834.57,53.88,222.07
BOSCHLTD,EQ,45480.0,-3.44,134148.26,0.49,220.51
BHARATFORG,EQ,1875.0,-2.65,91612.63,11.51,215.76
HDFCLIFE,EQ,534.2,2.49,116059.7,40.09,212.98
ARMEE,EQ,273.5,-8.83,867.85,77.38,212.9
NESTLEIND,EQ,1307.7,-0.18,252165.66,16.27,212.8
MRPL,EQ,163.93,-3.17,28730.35,129.48,212.29
HAVELLS,EQ,1040.0,2.36,65266.41,20.3,210.17
BANKBARODA,EQ,230.82,0.12,119365.38,90.34,209.43
SUZLON,EQ,38.91,-1.47,53486.57,532.47,207.72
PRESTIGE,EQ,1486.1,0.28,64010.82,13.81,204.11
OFSS,EQ,10420.0,-1.98,90760.3,1.94,203.31
OLAELEC,EQ,37.09,0.46,17166.77,549.11,202.13
HINDPETRO,EQ,345.0,-1.53,73409.88,57.54,200.24
FORCEMOT,EQ,16800.0,-1.49,21895.3,1.17,198.37
WAAREEENER,EQ,2340.0,-1.45,67310.41,8.42,197.03
IDFCFIRSTB,EQ,80.39,-1.29,69318.89,244.34,196.96
BANDHANBNK,EQ,176.0,-1.25,28356.19,111.42,196.68
SANSERA,EQ,4258.8,-6.14,26582.47,4.54,194.91
LTM,EQ,4007.0,-0.94,118856.16,4.79,192.0
CUMMINSIND,EQ,4860.0,2.1,134719.2,3.94,189.76
LTF,EQ,264.35,-0.25,66255.43,70.97,189.44
ICICIGI,EQ,1563.0,-1.7,78089.79,11.9,187.78
FCL,EQ,55.82,-2.84,6500.24,331.88,186.95
ABCAPITAL,EQ,375.05,-1.46,102681.04,50.01,186.88
SBC,EQ,58.6,0.53,2790.47,314.59,184.95
ANGELONE,EQ,276.8,1.02,25300.53,67.51,184.52
RADICO,EQ,4237.0,-2.95,56771.17,4.27,183.02
SCHNEIDER,EQ,1278.0,6.2,30557.5,14.45,182.77
SHILPAMED,EQ,1064.0,1.6,20809.91,16.88,181.56
AUROPHARMA,EQ,1676.8,0.29,96479.37,10.74,179.95
LLOYDSME,EQ,1780.0,-5.52,100197.44,9.82,176.71
HINDZINC,EQ,555.05,-1.93,234526.33,31.65,176.24
TATACONSUM,EQ,957.0,0.79,94676.65,18.29,174.77
BRITANNIA,EQ,4778.0,-1.08,115086.87,3.63,173.29
TORNTPHARM,EQ,4767.3,-0.68,181328.19,3.58,170.74
BPCL,EQ,300.6,-0.86,130413.29,56.19,169.36
YESBANK,EQ,20.75,-0.95,65131.03,806.12,167.67
LUPIN,EQ,2031.2,0.05,92884.74,8.26,166.66
GLASSWALL,EQ,267.0,-5.32,2347.87,61.36,166.33
JKCEMENT,EQ,4955.0,-2.38,38286.42,3.35,166.02
CANBK,EQ,118.36,-0.9,107360.23,139.53,165.22
CDSL,EQ,1242.5,-1.7,25968.25,13.24,165.02
ABB,EQ,6900.0,1.83,146216.78,2.41,164.77
WOCKPHARMA,EQ,2077.2,-1.85,33751.5,7.85,163.07
KIRLOSENG,EQ,2250.0,-2.35,32741.97,7.19,162.42
APOLLO,EQ,394.6,-2.19,14663.32,41.02,162.31
IOC,EQ,131.34,-2.66,185468.34,122.4,162.25
ICICIAMC,EQ,3078.0,-1.87,152132.77,5.24,161.54
MFSL,EQ,1392.0,1.35,48039.98,11.52,159.92
OMNI,EQ,606.45,7.52,7499.73,26.68,159.29
AEQUS,EQ,273.95,-1.99,18372.89,57.56,158.42
MOTILALOFS,EQ,989.9,-0.41,59688.71,16.08,158.3
INDUSINDBK,EQ,886.85,-1.61,69098.08,17.61,156.67
NATIONALUM,EQ,334.9,-1.77,61508.8,46.73,156.24
AXISCADES,EQ,2311.9,3.62,9833.32,6.81,155.06
PATANJALI,EQ,355.15,-2.16,38644.18,43.28,154.38
RSYSTEMS,EQ,260.8,-4.08,3090.37,58.05,153.37
ALKEM,EQ,5220.0,1.09,62412.93,2.91,150.69
MUTHOOTFIN,EQ,2697.1,-1.46,108280.06,5.54,150.49
LLOYDSENGG,EQ,98.25,-0.4,15205.55,154.07,149.62
NEULANDLAB,EQ,21530.0,0.84,27622.75,0.7,149.05
TATAPOWER,EQ,350.15,-2.47,111884.81,42.23,148.78
PAGEIND,EQ,36660.0,0.76,40890.1,0.4,148.69
AEGISLOG,EQ,1401.6,1.56,49196.16,10.62,147.46
GMRAIRPORT,EQ,93.16,-2.09,98367.42,156.84,146.53
DPABHUSHAN,EQ,1880.0,5.1,4291.65,7.85,146.11
NUVAMA,EQ,1686.3,2.05,31114.88,8.56,145.98
DHOOTTRANS,EQ,1446.0,-2.87,29577.65,10.05,145.01
KEI,EQ,4502.0,1.05,43039.39,3.21,144.36
RENTOMOJO,EQ,527.25,3.31,5489.45,27.42,141.76
RAYMOND,EQ,1195.0,-1.49,7955.56,11.91,141.49
SBIFUNDS,EQ,500.6,-2.99,101963.59,28.17,141.43
BLUESTARCO,EQ,1459.6,-3.85,30011.53,9.63,141.4
AMBUJACEM,EQ,362.25,-3.14,90012.5,38.93,141.31
MARICO,EQ,781.35,-0.59,101591.44,17.78,138.35
AONESTEELS,EQ,455.0,0.0,3514.18,31.63,138.08
MEESHO,EQ,219.0,-3.84,101314.23,62.19,137.57
MAZDOCK,EQ,2064.0,-2.32,83257.63,6.48,134.0
INOXINDIA,EQ,2156.1,5.05,19603.79,6.3,133.85
UNITDSPR,EQ,1335.1,-1.4,97108.61,10.04,133.72
KISSHT,EQ,371.75,0.6,6589.99,35.79,133.06
UNIONBANK,EQ,167.59,-1.99,127931.6,78.76,132.81
DATAPATTNS,EQ,4248.0,-0.91,23781.99,3.06,129.53
SSWL,EQ,390.5,-4.31,6141.2,32.81,129.36
SHREECEM,EQ,21900.0,-1.99,79016.84,0.59,129.13
UPL,EQ,516.8,-4.25,43626.67,24.67,128.68
NMDC,EQ,74.64,-2.48,65622.13,170.77,128.56
PIDILITIND,EQ,1464.0,-0.08,149114.28,8.67,127.81
PNB,EQ,109.57,-3.09,125928.18,113.66,126.63
360ONE,EQ,1040.0,0.97,42423.08,12.14,124.89
CIPLA,EQ,1344.0,-0.15,108577.81,9.22,123.95
RVNL,EQ,197.0,-2.36,41074.9,62.47,123.63
PAISALO,EQ,79.51,4.06,7268.4,155.51,123.23
GRAPHITE,EQ,787.1,2.92,15378.01,15.86,122.63
ACUTAAS,EQ,3200.0,-2.42,26198.76,3.81,121.68
GRSE,EQ,2113.0,-3.16,24204.84,5.72,121.04
PFOCUS,EQ,299.95,-5.08,23359.32,39.23,120.52
PNBHOUSING,EQ,1092.0,-2.5,28479.79,10.9,119.99
JSWINFRA,EQ,355.5,-0.31,82831.56,34.31,119.66
VMM,EQ,99.5,-1.49,46613.85,117.91,117.31
GAIL,EQ,171.22,0.39,112578.86,68.82,117.19
LUMINO,EQ,96.39,-5.92,2935.59,118.25,114.95
INDOMIM,EQ,1262.0,1.57,62403.49,9.02,112.54
REDINGTON,EQ,398.2,-2.16,31130.26,27.95,111.6
MTNL,EQ,24.39,6.18,672.24,441.21,111.45
MVELECTRO,EQ,833.55,1.88,2274.15,13.37,110.93
TIINDIA,EQ,2340.0,-1.47,45295.92,4.71,110.49
PREMIERENE,EQ,878.05,0.91,39859.21,12.59,110.28
CUB,EQ,230.0,1.75,22788.11,47.76,109.62
LALPATHLAB,EQ,1995.0,0.4,33485.84,5.43,108.52
HBLENGINE,EQ,778.05,-2.07,21567.15,13.97,108.42
ASTERDM,EQ,708.0,1.56,61714.41,15.34,107.9
PHOENIXLTD,EQ,1930.0,-0.26,69031.83,5.55,107.88
MANKIND,EQ,2535.0,1.25,104706.93,4.28,107.18
IIFL,EQ,583.15,-2.93,24889.54,18.21,107.14
KTKBANK,EQ,323.9,-1.55,12255.96,33.06,106.53
CAMS,EQ,677.25,0.93,16824.13,15.77,106.3
SYNCOMF,EQ,23.99,-4.35,2255.06,443.88,106.0
TATAELXSI,EQ,3092.8,0.13,19258.31,3.34,103.52
ROLEXRINGS,EQ,197.0,3.64,5167.96,52.46,101.65
BDL,EQ,1087.9,-2.0,39878.33,9.29,101.27
KARURVYSYA,EQ,325.75,0.29,31485.73,30.73,100.1
ZEEL,EQ,71.98,-3.34,6913.82,137.9,100.07
OIL,EQ,444.0,-1.04,72221.39,22.66,99.81
TATSILV,EQ,21.21,-0.42,5145.02,467.2,99.42
IRFC,EQ,77.06,-2.8,100705.91,127.65,99.04
M&MFIN,EQ,320.0,-1.49,44486.12,30.88,98.76
KPITTECH,EQ,492.0,-1.42,13487.88,19.9,98.37
EXIDEIND,EQ,409.4,-0.78,34799.0,23.69,97.32
THERMAX,EQ,3353.1,-1.15,39954.3,2.9,96.91
LGEINDIA,EQ,1712.0,-0.67,116205.83,5.6,96.24
RRKABEL,EQ,2525.0,0.25,28559.14,3.78,95.48
HSCL,EQ,661.1,-2.46,33357.4,14.31,95.43
JINDALSTEL,EQ,1100.5,-3.03,112260.7,8.63,94.84
GLAND,EQ,2866.0,-1.15,47292.11,3.28,94.21
COCHINSHIP,EQ,1287.0,-2.13,33858.5,7.28,93.68
BIOCON,EQ,370.7,0.11,60412.76,25.25,93.31
SMCGLOBAL,EQ,99.7,5.52,2087.72,95.0,93.26
DABUR,EQ,374.25,-1.54,66390.34,24.55,93.14
CROMPTON,EQ,202.7,-2.86,13052.15,45.36,93.09
SIEMENS,EQ,3804.0,2.1,135468.24,2.44,91.7
WHIRLPOOL,EQ,855.0,-3.96,10847.54,10.44,91.33
MANORAMA,EQ,1890.0,2.01,11930.13,4.86,91.29
SKYGOLD,EQ,807.0,-0.46,12498.32,11.41,91.2
RAIN,EQ,208.65,-2.47,7017.85,43.14,90.53
MANINDS,EQ,922.0,1.61,6915.88,9.98,90.51
SAMMAANCAP,EQ,132.6,-2.89,15402.06,68.13,90.44
ONESOURCE,EQ,1500.0,-1.42,17200.93,6.09,89.86
JSWENERGY,EQ,485.0,-1.96,88923.91,18.52,89.76
BELRISE,EQ,236.2,-1.73,22844.13,37.56,89.7
SAILIFE,EQ,1550.0,1.67,32924.82,5.85,89.41
ANANTRAJ,EQ,577.0,-3.66,20764.9,15.34,89.26
ESCORTS,EQ,2675.0,-1.48,29927.3,3.39,88.67
UNOMINDA,EQ,1111.0,-5.04,64156.47,7.89,88.59
BLEL,EQ,467.7,-3.69,1978.49,18.49,88.59
GESHIP,EQ,1529.9,-1.93,21841.95,5.74,88.08
CARTRADE,EQ,2800.0,-3.44,13612.17,3.13,87.99
AMBER,EQ,6500.0,-2.59,22924.05,1.34,87.89
NCC,EQ,129.6,0.56,8136.89,67.51,87.37
FINCABLES,EQ,1450.0,-0.02,22176.21,5.99,87.08
SRF,EQ,2486.2,0.55,73697.14,3.53,86.71
EDELWEISS,EQ,137.3,-3.8,12996.01,61.65,85.56
TFCILTD,EQ,138.81,-2.18,6426.59,60.64,85.17
TEGA,EQ,2097.0,-0.46,15754.28,4.08,85.11
TEJASNET,EQ,467.0,-3.95,8319.19,17.92,84.32
IOLCP,EQ,210.5,1.65,6178.75,40.42,84.13
TRANSRAILL,EQ,470.2,-1.3,6312.72,17.61,83.98
VOGL,EQ,32.02,-3.29,12521.06,262.51,83.98
EMAMILTD,EQ,372.8,-1.65,16272.72,22.38,83.79
SHRIPISTON,EQ,4465.1,-4.05,20711.93,1.87,83.44
HONASA,EQ,429.0,-0.54,13986.44,19.37,82.16
VIYASH,EQ,232.0,-1.61,10245.76,35.33,81.46
EMIL,EQ,204.0,-0.66,7848.87,40.18,81.41
NAM-INDIA,EQ,1046.0,-2.24,66948.39,7.68,80.36
WABAG,EQ,2009.0,-2.54,12554.56,3.99,79.84
MARKSANS,EQ,323.05,0.23,14639.45,24.46,79.51
ZENSARTECH,EQ,435.0,3.06,9899.76,18.44,79.4
SHREEJISPG,EQ,775.55,0.67,12635.13,10.27,79.23
GODREJPROP,EQ,1595.8,-2.01,48069.72,4.96,79.19
KAJARIACER,EQ,1230.0,-0.41,19328.6,6.34,78.59
TATACAP,EQ,318.9,-2.76,135368.87,24.68,78.49
NHPC,EQ,71.75,-1.46,72073.12,109.03,78.01
NAVINFLUOR,EQ,8138.0,-1.3,41741.73,0.95,77.35
MAHABANK,EQ,80.5,1.42,61916.91,96.08,77.0
ALICON,EQ,884.0,1.63,1450.81,8.65,75.01
TATACHEM,EQ,608.45,-0.49,15500.65,12.17,74.2
SHADOWFAX,EQ,276.2,-1.45,16209.84,27.17,74.05
AVALON,EQ,2272.0,-1.08,15195.66,3.21,73.52
ABDL,EQ,680.0,-5.41,19020.29,10.57,72.84
BLUESTONE,EQ,780.0,-1.87,11916.74,9.28,72.62
VISL,EQ,31.0,-4.02,12122.2,231.16,72.21
PARAS,EQ,1278.0,-2.52,10299.06,5.62,72.03
TEMPSENS,EQ,504.5,-4.22,4229.36,14.0,71.9
COLPAL,EQ,1735.0,-1.6,47189.51,4.13,71.89
PWL,EQ,120.53,-2.39,35014.07,59.23,71.4
KFINTECH,EQ,832.0,-0.95,14382.96,8.58,71.26
PPLPHARMA,EQ,198.3,-3.98,26400.63,35.74,71.19
GODREJCP,EQ,840.0,-1.18,85957.62,8.38,70.71
UNIMECH,EQ,1768.9,2.6,9004.05,4.04,70.41
CGCL,EQ,250.02,1.04,24055.77,28.13,70.02
IRCTC,EQ,454.0,-0.31,36320.0,15.29,69.72
JUBLFOOD,EQ,443.4,-2.91,29257.54,15.61,69.27
SGFIN,EQ,631.9,4.56,4163.91,11.13,69.25
OLECTRA,EQ,1095.4,-3.42,8991.12,6.24,68.54
INOXWIND,EQ,68.75,-1.09,11881.64,99.72,68.49
MANIPALHOS,EQ,692.05,-2.29,91030.68,9.77,68.0
BALKRISIND,EQ,2075.0,-1.98,40113.32,3.26,67.85
VOLTAS,EQ,1053.2,-1.57,34848.78,6.39,67.39
FLUOROCHEM,EQ,4353.1,-1.18,47818.8,1.56,67.25
PRICOLLTD,EQ,739.9,-1.03,9018.01,9.41,67.21
STARHEALTH,EQ,539.5,0.91,31756.24,12.69,66.98
SJS,EQ,2159.2,-4.38,6963.32,3.1,66.55
JYOTICNC,EQ,1038.8,-0.11,23624.71,6.52,66.55
MPIMANIPAL,EQ,404.0,-1.26,9364.9,16.21,65.96
KIMS,EQ,740.0,-0.86,31080.48,9.01,65.93
GMDCLTD,EQ,488.4,-3.8,15531.12,13.42,65.84
STLNETWORK,EQ,47.1,-3.82,2299.76,136.27,65.37
CYIENT,EQ,1110.2,0.86,11630.36,5.95,65.07
GRANULES,EQ,824.5,-2.6,20430.86,7.83,64.72
GENUSPOWER,EQ,280.1,-2.96,8521.84,22.87,64.19
MARINE,EQ,434.0,1.04,6073.59,14.81,63.78
IPCALAB,EQ,1945.0,0.93,49345.47,3.24,62.91
AARTIPHARM,EQ,980.0,2.75,8886.62,6.59,62.38
AEROFLEX,EQ,519.0,-3.28,6867.97,11.84,61.95
UJJIVANSFB,EQ,65.6,-2.81,12798.93,93.7,61.9
AETHER,EQ,1662.0,-2.2,22059.37,3.73,61.85
JPPOWER,EQ,14.85,-1.85,10177.39,414.02,61.61
EBGNG,EQ,704.0,2.51,8026.41,8.92,61.47
PIRAMALFIN,EQ,2026.7,-0.84,47957.86,3.03,61.29
RAMRAT,EQ,617.0,5.94,5759.64,10.06,60.84
VEDPOWER,EQ,32.75,-0.27,12806.52,187.05,60.74
EPL,EQ,230.2,-2.87,7386.62,26.13,60.62
STYLEBAAZA,EQ,367.4,-4.51,2796.55,16.27,60.54
ANANDRATHI,EQ,2117.5,-0.12,35159.24,2.84,59.98
RKFORGE,EQ,694.5,-1.11,12651.71,8.63,59.64
BBOX,EQ,795.8,-1.12,14133.34,7.36,58.97
NATCOPHARM,EQ,819.0,-0.21,14669.1,7.17,58.78
ELLEN,EQ,341.35,-4.36,4810.84,17.15,58.69
ATLANTAELE,EQ,1717.0,6.77,13203.15,3.45,58.67
IREDA,EQ,111.0,-0.61,31182.47,52.9,58.36
SOUTHBANK,EQ,47.5,-1.53,12441.68,122.29,58.17
SAMBHV,EQ,161.5,-2.06,4758.94,36.2,58.11
DYNAMATECH,EQ,13800.0,1.39,9372.19,0.43,58.02
JINDALSAW,EQ,271.0,-2.41,17330.67,21.64,57.98
TATAGOLD,EQ,14.28,-0.14,6139.51,402.28,57.45
URBANCO,EQ,156.0,-0.94,24058.02,36.7,57.03
ACE,EQ,1212.6,-1.57,14440.03,4.66,56.74
CLEANMAX,EQ,1299.0,-2.12,15270.03,4.31,56.54
ICICIPRULI,EQ,448.05,0.96,65022.4,12.68,56.53
TEXRAIL,EQ,127.25,-3.4,5177.35,44.2,56.39
SUPREMEIND,EQ,3380.0,-2.06,42935.08,1.68,56.26
JSL,EQ,732.2,-2.03,60364.0,7.65,56.15
CASTROLIND,EQ,198.2,-1.16,19603.27,28.25,56.12
SKIPPER,EQ,543.9,2.4,6140.85,10.35,56.1
RPOWER,EQ,19.42,-1.37,8031.67,283.26,55.43
J&KBANK,EQ,140.0,0.97,15416.55,39.55,55.41
BANKINDIA,EQ,129.48,-0.58,58947.94,42.96,55.41
RAYMONDREL,EQ,646.0,-3.57,4300.66,8.53,55.32
KPIGREEN,EQ,343.9,-4.19,6797.94,15.72,55.11
DELHIVERY,EQ,400.0,-2.37,29971.77,13.72,55.04
ANTELOPUS,EQ,1102.0,-2.12,3888.72,4.96,55.0
ANTHEM,EQ,858.5,-0.01,48378.88,6.49,54.73
SBICARD,EQ,563.2,-2.57,53596.58,9.63,54.7
CMPDI,EQ,205.14,-1.95,14647.0,27.1,54.66
BALRAMCHIN,EQ,648.0,-2.24,13711.52,8.38,54.64
MSUMI,EQ,33.4,-1.97,22149.75,162.28,54.4
INDIANB,EQ,793.15,-1.58,106834.45,6.71,53.5
YATHARTH,EQ,1035.0,0.24,9972.68,5.09,52.69
GALAXYSURF,EQ,2362.0,1.25,8374.41,2.17,52.46
OPTIEMUS,EQ,805.9,4.97,7193.55,6.56,51.84
SUDARSCHEM,EQ,1242.5,3.21,9892.33,4.25,51.83
TBOTEK,EQ,1679.0,-0.37,18231.89,3.04,51.67
AEGISVOPAK,EQ,292.0,-1.62,32353.35,17.4,51.45
HUDCO,EQ,161.52,-3.04,32334.69,31.37,51.2
AMAGI,EQ,550.5,0.19,12119.43,9.2,50.82
MOTISONS,EQ,17.86,-0.78,2031.59,282.6,50.81
NAZARA,EQ,384.9,-2.02,14259.2,13.14,50.63
JWL,EQ,223.3,-4.21,9543.18,22.5,50.48
SHYAMMETL,EQ,1047.2,-1.67,29230.69,4.75,50.36
SAGILITY,EQ,43.17,1.39,20209.29,116.93,50.09
ASTRAMICRO,EQ,1622.0,-0.9,15400.08,3.08,49.91
QPOWER,EQ,1555.0,-1.88,12042.56,3.18,49.59
OBEROIRLTY,EQ,1754.6,-0.63,63797.65,2.83,49.52
MEDANTA,EQ,1357.0,-0.59,36485.9,3.63,49.27
PGEL,EQ,481.1,-2.5,13795.88,10.13,49.01
SENORES,EQ,1335.3,-3.64,6149.54,3.64,49.0
JGCHEM,EQ,608.05,-5.74,2382.71,7.92,48.28
GODFRYPHLP,EQ,1849.7,-2.23,28851.95,2.57,47.98
PRIVISCL,EQ,3565.0,-0.6,13925.85,1.36,47.94
GUJENERGY,EQ,229.99,-3.19,21578.37,20.84,47.93
GABRIEL,EQ,1310.0,-2.37,23217.13,3.61,47.91
PETRONET,EQ,285.5,0.35,42825.0,16.79,47.89
NBCC,EQ,77.4,-1.4,20898.0,61.95,47.88
ABREL,EQ,1106.5,-2.14,12359.13,4.35,47.78
CARBORUNIV,EQ,1245.0,-0.6,23717.92,3.84,47.73
ACMESOLAR,EQ,432.8,-1.41,30593.52,10.86,47.66
SHUKRAPHAR,EQ,62.0,-0.14,2725.61,75.63,47.54
ATGL,EQ,583.0,-1.84,64118.93,8.12,47.32
GMMPFAUDLR,EQ,1448.0,-1.27,6509.81,3.29,47.13
LUMAXTECH,EQ,1969.0,-5.19,13420.25,2.38,47.13
ONEPOINT,EQ,74.2,1.1,1950.99,62.52,46.35
SMLMAH,EQ,6249.5,-4.99,9044.06,0.73,46.18
BAJAJHFL,EQ,83.17,1.43,69300.03,56.02,45.93
SEDEMAC,EQ,3469.0,-0.73,15322.75,1.35,45.92
TATATECH,EQ,699.0,-1.2,28383.02,6.48,45.52
STEAMHOUSE,EQ,107.0,-3.55,2957.55,42.4,45.38
CPPLUS,EQ,3800.0,-1.21,46598.24,1.19,45.27
PRASOLCHEM,EQ,803.0,-4.3,4752.43,5.58,45.23
NH,EQ,1744.0,-2.65,35640.52,2.59,44.95
HDFCSILVER,EQ,208.72,-0.43,7179.16,21.45,44.87
ELECON,EQ,440.0,-4.72,9873.6,9.85,44.17
GPIL,EQ,215.01,-3.3,14475.31,20.42,43.97
BALAMINES,EQ,2057.0,-2.9,6664.89,2.13,43.89
JSLL,EQ,481.2,-3.91,5981.35,9.05,43.6
VARMORA,EQ,134.0,-4.05,3028.56,31.4,43.09
IBULLSLTD,EQ,29.58,-0.1,6898.66,146.59,42.83
MRF,EQ,123525.0,-1.4,52388.72,0.03,42.59
EMMVEE,EQ,306.45,-2.99,21216.91,13.84,42.49
CREDITACC,EQ,1235.0,-2.91,19824.0,3.43,42.4
BAJAJHLDNG,EQ,10666.0,-1.13,118705.66,0.4,42.35
BSOFT,EQ,270.0,-0.63,7551.01,15.36,41.88
CCL,EQ,1055.5,3.53,14093.87,4.05,41.65
COROMANDEL,EQ,1760.0,0.1,51930.72,2.39,41.53
GRAVITA,EQ,1413.1,-2.37,10429.87,2.92,41.12
KMEW,EQ,2945.0,-3.17,7469.79,1.38,40.94
EMUDHRA,EQ,579.7,-2.82,4800.59,7.02,40.79
NLCINDIA,EQ,252.85,-3.38,35061.11,15.97,40.69
ELECTCAST,EQ,74.52,0.2,4606.71,53.79,40.51
CAPLIPOINT,EQ,2612.0,-3.84,19854.25,1.54,40.51
WHEELS,EQ,2235.0,0.63,6003.74,1.84,40.43
ASTRAL,EQ,1344.0,-1.93,36106.58,2.99,40.07
RENUKA,EQ,21.42,-2.15,4559.23,185.94,39.77
ZENTEC,EQ,1575.5,-1.85,14225.25,2.51,39.73
GREAVESCOT,EQ,224.1,-2.68,5220.44,17.64,39.72
PROTEAN,EQ,638.25,-3.19,2602.73,6.1,39.7
VIKRAMSOLR,EQ,155.0,-3.13,5616.49,25.28,39.24
LOKESHMACH,EQ,398.0,8.77,867.51,9.92,39.19
SCI,EQ,268.5,-0.74,12506.7,14.66,39.13
BEML,EQ,1960.0,-1.63,16324.64,1.99,39.02
CONCOR,EQ,442.0,-1.23,33663.51,8.78,38.95
PVRINOX,EQ,1220.0,-1.83,11980.4,3.21,38.83
ARE&M,EQ,747.75,-0.9,13685.72,5.09,38.06
JSFB,EQ,483.0,-1.29,5111.21,7.96,38.03
FIRSTCRY,EQ,173.8,-3.41,9073.93,21.5,37.93
ITCHOTELS,EQ,158.75,-3.28,33068.65,23.46,37.4
CENTUM,EQ,4686.0,-2.33,6917.48,0.79,37.32
ROSSTECH,EQ,1529.0,1.72,5763.79,2.47,37.27
DEEPA,EQ,191.8,-1.88,1843.66,19.19,37.15
STAR,EQ,1085.0,-3.13,10000.74,3.41,37.12
TIMETECHNO,EQ,180.46,-1.04,8908.14,20.61,37.06
GNFC,EQ,586.2,-3.01,8613.66,6.29,37.04
SUMICHEM,EQ,420.25,-3.0,20976.6,8.86,36.95
TECHNOCRAF,EQ,477.0,0.09,1889.22,7.75,36.87
FILATEX,EQ,105.74,-1.87,4695.47,35.22,36.81
NUVOCO,EQ,321.6,-4.8,11486.14,11.25,36.29
THANGAMAYL,EQ,4870.0,-3.79,15136.94,0.74,36.16
CRAFTSMAN,EQ,10280.0,-1.32,26886.76,0.35,36.15
MIDHANI,EQ,430.5,-1.63,8064.99,8.36,35.82
RPTECH,EQ,952.8,-0.07,6327.14,3.78,35.8
NRBBEARING,EQ,549.25,2.85,5323.47,6.78,35.75
APTUS,EQ,225.0,-3.24,11268.68,15.67,35.58
GOODLUCK,EQ,500.0,-1.58,4985.78,7.2,35.42
BECTORFOOD,EQ,211.22,2.17,6484.26,16.64,35.36
VENUSPIPES,EQ,2213.0,3.07,4584.48,1.62,35.36
CYIENTDLM,EQ,890.0,-2.64,7065.12,3.91,35.1
AWL,EQ,175.71,-1.11,22836.65,19.91,35.08
ZFCVINDIA,EQ,2235.0,-4.53,25435.53,1.55,35.01
TENNIND,EQ,494.1,-2.78,19942.09,7.07,34.99
PRECWIRE,EQ,503.0,2.14,9195.24,6.97,34.74
RBA,EQ,92.0,0.46,6551.12,37.82,34.66
KWIL,EQ,38.41,-2.07,9024.78,89.24,34.3
V2RETAIL,EQ,200.85,-3.78,7323.75,16.94,34.23
ENTERO,EQ,1675.0,-1.98,7290.11,2.05,33.9
LASERPOWER,EQ,261.0,-1.08,3663.61,12.98,33.73
IEX,EQ,105.98,-0.95,9450.16,31.81,33.65
HCC,EQ,20.23,-0.88,5299.18,166.0,33.52
JUBLPHARMA,EQ,1000.0,-2.8,15928.11,3.36,33.49
GPPL,EQ,165.9,-0.51,8020.27,19.97,33.33
POONAWALLA,EQ,433.5,-2.33,38174.08,7.63,33.28
KRISHANA,EQ,183.0,-2.78,5657.23,18.05,33.2
IGL,EQ,142.6,-1.05,19964.02,23.47,33.19
MINDACORP,EQ,664.55,-4.08,15888.02,4.98,33.1
KSB,EQ,806.85,-5.75,14042.35,4.04,33.09
AAVAS,EQ,1210.0,-0.16,9594.61,2.8,32.97
RPEL,EQ,1803.0,-0.33,8279.73,1.8,32.93
CARYSIL,EQ,1045.0,0.86,2972.25,3.2,32.67
LTFOODS,EQ,399.4,-0.25,13869.28,8.13,32.39
ENDURANCE,EQ,2596.4,-2.26,36521.7,1.23,32.29
MAHSEAMLES,EQ,695.3,-5.74,9316.97,4.59,32.27
DEEPINDS,EQ,753.0,-0.39,4819.2,4.36,32.26
RATEGAIN,EQ,836.15,-1.81,9911.13,3.73,31.87
SBCL,EQ,1072.1,0.04,6175.75,2.95,31.81
CHOLAHLDNG,EQ,1361.0,-1.82,25556.51,2.34,31.77
PTCIL,EQ,21915.0,-1.24,32856.17,0.14,31.59
INNOVACAP,EQ,1153.0,-0.59,6598.03,2.69,31.5
SURYAROSNI,EQ,221.0,-0.17,4809.75,14.21,31.48
CHOICEIN,EQ,715.0,-1.55,15928.52,4.34,31.03
TI,EQ,544.0,0.62,13485.65,5.68,30.8
TIMEX,EQ,730.0,1.45,7369.35,4.28,30.79
BIKAJI,EQ,503.3,-3.55,12619.56,6.04,30.64
IDEAFORGE,EQ,731.2,0.03,3634.69,4.1,30.53
COHANCE,EQ,453.0,2.03,17331.66,6.84,30.38
KIRIINDUS,EQ,545.0,0.68,3551.66,5.56,30.14
ARVIND,EQ,536.5,-0.63,14594.98,5.65,30.03
TITAGARH,EQ,804.75,-1.64,10837.87,3.73,30.03
SANGHVIMOV,EQ,432.0,-5.1,3740.08,6.98,29.97
TTML,EQ,34.28,-0.06,6701.49,85.82,29.82
CANFINHOME,EQ,704.0,-2.11,9374.08,4.18,29.78
DEEPAKFERT,EQ,1305.8,-3.35,16484.14,2.26,29.69
INDSWFTLAB,EQ,394.0,1.35,3426.29,7.5,29.66
ATULAUTO,EQ,424.0,-5.39,1176.65,6.72,29.5
ZOTA,EQ,1253.1,-3.21,4339.81,2.25,29.45
NIACL,EQ,160.27,-4.04,26412.5,18.15,29.33
SETL,EQ,414.45,-1.97,8267.93,7.15,29.29
NEWGEN,EQ,456.8,-2.36,6509.86,6.3,29.07
WELENT,EQ,721.0,-2.92,9979.64,3.96,29.06
JAYNECOIND,EQ,92.0,-0.85,8933.18,31.92,29.04
NSLNISP,EQ,40.77,-1.33,11948.08,70.92,28.97
SHAILY,EQ,3020.0,-1.4,13890.56,0.96,28.96
INDGN,EQ,595.0,0.72,14337.52,4.86,28.67
PCBL,EQ,321.15,-3.01,12636.05,8.79,28.47
APOLLOTYRE,EQ,404.0,-0.17,25658.08,7.08,28.28
PIIND,EQ,2236.0,-3.2,33924.17,1.25,28.22
RAINBOW,EQ,1280.0,-2.61,13000.53,2.19,28.15
HONAUT,EQ,33400.0,-0.18,29530.69,0.08,28.03
BLUEJET,EQ,542.0,0.73,10258.74,5.23,27.88
FIVESTAR,EQ,504.8,-2.33,14901.48,5.47,27.66
AADHARHFC,EQ,450.0,3.21,19727.69,6.2,27.44
ABSLAMC,EQ,976.9,-1.85,28269.06,2.82,27.2
MOSCHIP,EQ,198.08,-1.58,3863.51,13.65,27.08
ARTEMISMED,EQ,336.0,-2.76,5317.99,8.04,26.98
LINDEINDIA,EQ,6202.0,-1.91,52893.28,0.42,26.95
AJANTPHARM,EQ,3586.0,-0.96,44810.31,0.76,26.85
VIJAYA,EQ,1423.0,-1.02,14656.57,1.89,26.82
APLLTD,EQ,819.0,-0.78,16098.52,3.28,26.7
PARADEEP,EQ,151.0,-2.13,15681.66,17.45,26.43
IKS,EQ,1778.9,1.8,30521.15,1.5,26.29
ANURAS,EQ,1156.1,-2.11,13162.18,2.25,26.24
AFFLE,EQ,1451.0,-3.97,20441.6,1.79,26.17
LXCHEM,EQ,183.1,3.24,5088.62,14.7,26.17
CEMPRO,EQ,1180.0,-1.02,20270.93,2.22,26.17
BLACKBUCK,EQ,607.9,0.0,11078.41,4.31,26.0
KERNEX,EQ,1639.3,-2.77,2754.62,1.58,25.97
LTTS,EQ,3279.0,1.56,34785.69,0.8,25.86
TVSHLTD,EQ,11877.0,-1.9,24029.67,0.22,25.84
BAJAJCON,EQ,497.0,0.29,6491.73,5.19,25.74
VALIANTORG,EQ,470.05,3.28,1317.77,5.52,25.67
ELGIEQUIP,EQ,584.4,-4.02,18520.16,4.35,25.46
LLOYDSENT,EQ,77.51,-2.17,11829.7,32.9,25.42
SJVN,EQ,57.9,-2.39,22753.51,43.76,25.29
RUBICON,EQ,1628.0,0.53,26948.59,1.54,25.26
TRITURBINE,EQ,529.6,-1.82,16835.9,4.74,25.2
CLEAN,EQ,808.1,1.73,8588.82,3.17,25.16
NEOGEN,EQ,2410.0,-1.7,7240.22,1.04,25.09
ABFRL,EQ,44.55,-3.82,5437.37,55.12,24.79
SUDEEPPHRM,EQ,1205.0,-0.07,13610.31,2.06,24.63
SHRINGARMS,EQ,220.0,-2.05,2121.51,11.03,24.6
BOSCH-HCIL,EQ,1950.0,3.91,5302.22,1.28,24.55
PNGJL,EQ,578.5,-1.97,8515.67,4.2,24.41
CONFIPET,EQ,86.17,-2.22,2862.92,28.51,24.38
JMFINANCIL,EQ,123.37,-4.38,11806.57,19.53,24.31
GANDHAR,EQ,282.1,1.17,2761.18,8.72,24.28
PARAGMILK,EQ,263.95,-2.83,3315.46,9.17,24.22
NELCO,EQ,889.0,-2.79,2028.56,2.68,24.11
METROPOLIS,EQ,538.0,-0.68,11157.45,4.46,24.11
FERMENTA,EQ,552.0,0.42,1624.59,4.34,24.09
SUNSHINE,EQ,453.55,-0.02,1412.75,5.28,24.07
CESC,EQ,131.49,-1.76,17429.93,18.27,24.02
BORORENEW,EQ,450.0,-1.78,6326.65,5.31,23.83
KRN,EQ,1417.4,-1.33,9278.09,1.68,23.74
GOLDCASE,EQ,23.13,-0.13,2522.41,102.41,23.7
AYE,EQ,162.2,4.05,4002.9,14.86,23.6
FEDFINA,EQ,150.48,-0.32,5645.13,15.8,23.59
JASH,EQ,579.0,-2.14,3658.92,4.09,23.58
BLUEDART,EQ,4496.0,-2.87,10668.08,0.51,23.5
DEEPAKNTR,EQ,1492.0,-2.47,20349.84,1.57,23.5
MGL,EQ,1048.0,-0.95,10351.91,2.26,23.49
ARCIL,EQ,140.35,-2.93,4559.93,16.62,23.47
SGMART,EQ,741.0,-1.3,9342.11,3.15,23.47
KEC,EQ,373.4,-1.02,9939.91,6.25,23.41
TATACOMM,EQ,1685.8,1.79,48059.74,1.41,23.29
SHAREINDIA,EQ,206.8,0.87,4497.74,11.39,23.28
GICRE,EQ,323.95,-2.17,56833.79,7.21,23.25
SHIPROCKET,EQ,120.3,0.12,8752.76,19.45,23.21
AVANTIFEED,EQ,713.0,-0.67,9714.31,3.25,23.14
EIDPARRY,EQ,673.0,-1.88,11976.42,3.42,23.13
KIRLOSBROS,EQ,1777.0,0.12,14110.97,1.31,23.02
KSL,EQ,914.0,-5.32,3989.89,2.48,22.9
PNCINFRA,EQ,139.0,4.37,3565.89,16.69,22.82
AARTIIND,EQ,465.2,-2.21,16874.04,4.86,22.78
RAMBHAJO,EQ,291.0,1.75,1333.07,7.85,22.68
DIFFNKG,EQ,464.5,5.87,1738.45,4.99,22.67
SWSOLAR,EQ,165.2,-3.49,3858.1,13.64,22.67
IIFLCAPS,EQ,345.0,-0.29,10879.64,6.55,22.52
JAINREC,EQ,284.0,-2.86,9800.44,7.85,22.25
XTRANET,EQ,274.6,-3.67,1435.77,7.97,22.16
CMSINFO,EQ,221.0,-0.2,3537.4,10.11,22.15
NORTHARC,EQ,288.8,0.5,4673.01,7.66,21.96
RAILTEL,EQ,257.5,-3.07,8264.16,8.52,21.93
MARSONS,EQ,114.0,-1.25,1961.94,19.09,21.9
SUVEN,EQ,307.1,-4.09,8677.5,7.13,21.89
JBMA,EQ,544.8,-2.1,12884.21,4.04,21.89
VARROC,EQ,829.0,-3.93,12665.99,2.62,21.81
GCSL,EQ,680.1,0.63,1643.08,3.22,21.8
JSWCEMENT,EQ,111.17,-1.95,15156.53,19.56,21.79
KNRCON,EQ,113.5,-4.28,3192.01,19.02,21.78
SONATSOFTW,EQ,254.6,-1.41,7139.62,8.53,21.77
KSHINTL,EQ,1029.0,2.79,6972.06,2.14,21.7
THOMASCOTT,EQ,302.0,12.96,443.05,7.25,21.7
JTLIND,EQ,86.58,-1.93,3403.3,25.3,21.67
MAFANG,EQ,248.38,3.15,6142.53,8.8,21.62
NOCIL,EQ,168.0,-1.82,2806.02,12.87,21.62
QUADFUTURE,EQ,531.75,-2.87,2127.0,4.04,21.52
PENIND,EQ,174.2,-5.33,2360.34,12.2,21.44
SOTL,EQ,733.0,1.98,5025.48,2.97,21.29
VENUSREM,EQ,1805.0,0.5,2412.74,1.17,21.2
VSTTILLERS,EQ,4300.0,-2.05,3720.68,0.47,21.16
USHAMART,EQ,494.0,-0.93,15054.24,4.31,21.13
FIEMIND,EQ,1794.0,-4.45,4721.75,1.15,20.99
MACPOWER,EQ,2130.5,1.65,2131.39,0.97,20.99
HOMEFIRST,EQ,1120.3,1.4,11714.21,1.88,20.78
SPARC,EQ,194.38,-1.43,6307.63,10.72,20.75
JAMNAAUTO,EQ,131.45,-3.59,5257.8,15.78,20.75
HIKAL,EQ,218.5,0.28,2694.12,9.42,20.74
GNA,EQ,580.0,-3.07,2489.99,3.52,20.51
GRWRHITECH,EQ,6877.0,-1.97,15976.92,0.3,20.46
SUBEXLTD,EQ,19.42,-1.57,1091.41,106.35,20.43
HAPPYFORGE,EQ,2003.0,-3.11,18908.55,1.0,20.31
GLAXO,EQ,2760.0,-0.34,46756.07,0.73,20.29
YATRA,EQ,98.9,-0.99,1551.9,20.22,20.29
CCAVENUE,EQ,15.34,1.46,5351.2,132.87,20.18
FRACTAL,EQ,721.0,-2.59,12517.96,2.78,20.1
ASKAUTOLTD,EQ,618.0,-3.45,12183.41,3.25,20.03
AGARWALEYE,EQ,488.65,1.95,15491.48,4.13,20.01
HORIZONIND,EQ,48.6,-3.34,14010.91,40.49,20.01
SWANCORP,EQ,272.7,-2.68,8547.97,7.32,19.97
WEWORK,EQ,663.0,0.39,9207.1,3.04,19.95
CONCORDBIO,EQ,1399.0,1.85,14635.81,1.47,19.89
TURTLEMINT,EQ,69.71,-8.8,2052.81,27.62,19.77
BAJAJHIND,EQ,19.34,-1.02,4623.55,102.63,19.69
KOPRAN,EQ,282.95,1.65,1367.44,7.14,19.61
ICIL,EQ,444.8,-3.39,8809.46,4.35,19.51
MOBIKWIK,EQ,196.0,-0.16,1543.44,9.92,19.49
SUPRIYA,EQ,925.0,-2.66,7444.66,2.09,19.41
ECLERX,EQ,1803.1,-0.92,16958.28,1.07,19.22
CAPILLARY,EQ,552.4,-1.44,4396.48,3.52,19.2
TORNTPOWER,EQ,1248.0,0.17,62887.16,1.56,19.19
NTPCGREEN,EQ,91.24,-2.28,76881.83,20.99,19.09
BEPL,EQ,124.48,0.06,3097.79,15.34,19.07
SYNGENE,EQ,359.05,-1.71,14493.74,5.3,19.04
HARSHA,EQ,474.7,0.94,4321.86,4.02,19.02
RELIGARE,EQ,224.0,-2.14,7456.75,8.41,19.01
PTC,EQ,154.83,-0.47,4583.1,12.22,18.86
3MINDIA,EQ,30900.0,-3.92,34809.07,0.06,18.85
SKYWAYS,EQ,110.75,-2.22,1609.68,16.8,18.63
CSBBANK,EQ,306.1,-1.58,5310.4,6.13,18.58
AVANTEL,EQ,150.29,-2.45,3994.35,12.37,18.56
NAVA,EQ,549.8,-1.71,15576.53,3.37,18.55
MANGLMCEM,EQ,988.0,-0.52,2716.73,1.89,18.53
SUNFLAG,EQ,434.45,-4.74,7829.63,4.21,18.52
SMSPHARMA,EQ,470.95,-1.19,4410.54,3.94,18.49
ABBOTINDIA,EQ,26850.0,-1.01,57054.38,0.07,18.47
IRB,EQ,16.98,-2.92,20508.44,108.38,18.43
ISGEC,EQ,920.1,4.19,6765.45,2.04,18.39
VINCOFE,EQ,179.25,-0.39,2625.8,10.32,18.38
HEGAM,EQ,239.71,0.87,4625.86,7.71,18.3
BALUFORGE,EQ,489.0,-1.48,5936.06,3.75,18.29
TMB,EQ,885.0,1.57,14014.1,2.06,17.92
CHAMBLFERT,EQ,399.5,-2.38,16005.99,4.47,17.91
SPLPETRO,EQ,786.0,-2.75,14780.05,2.28,17.82
KRBL,EQ,374.4,-1.89,8569.64,4.71,17.62
GMRP&UI,EQ,101.49,-3.69,7926.55,17.01,17.56
BRIGADE,EQ,572.4,-0.5,18675.08,3.11,17.56
SOLARA,EQ,715.0,-1.43,3437.03,2.45,17.52
BERGEPAINT,EQ,452.4,-0.67,52749.97,3.87,17.49
ACC,EQ,1181.0,-1.92,22177.68,1.47,17.44
TATAINVEST,EQ,615.0,-0.81,31115.97,2.84,17.36
BLS,EQ,216.85,-0.65,8928.6,8.04,17.35
KROSS,EQ,258.0,-1.92,1664.34,6.7,17.26
HAPPSTMNDS,EQ,305.0,-1.8,4644.38,5.6,17.1
SENCO,EQ,317.15,-1.18,5198.12,5.39,17.07
SUNDARMFIN,EQ,4397.2,0.97,48854.59,0.39,17.04
BLSE,EQ,321.0,-2.31,2916.49,5.23,17.02
KENNAMET,EQ,4270.0,3.36,9384.71,0.4,16.99
GENESYS,EQ,281.1,2.8,1879.56,6.06,16.96
STYLAMIND,EQ,3250.0,-1.77,5508.12,0.52,16.9
SIMPLEXINF,EQ,252.0,2.65,1993.2,7.01,16.87
NIITMTS,EQ,187.95,-8.1,2596.74,8.7,16.84
DCBBANK,EQ,200.0,-1.74,6443.58,8.42,16.83
LEAPIND,EQ,137.0,-0.57,6035.35,12.4,16.82
UBL,EQ,1181.6,2.03,31242.11,1.44,16.73
INDOTECH,EQ,3347.6,5.0,3555.15,0.5,16.71
63MOONS,EQ,804.0,-0.87,3704.71,2.07,16.68
VOLTAMP,EQ,10464.0,-0.34,10586.55,0.16,16.67
SCHAEFFLER,EQ,3861.0,-0.93,60348.85,0.44,16.67
COFFEEDAY,EQ,29.7,-1.46,627.42,54.89,16.61
JKTYRE,EQ,340.7,-1.82,9822.02,4.88,16.57
IMFA,EQ,1189.0,-0.16,6415.14,1.41,16.54
TANLA,EQ,487.0,-1.05,6459.28,3.39,16.53
SIGNATURE,EQ,733.0,0.8,10312.29,2.28,16.51
INTELLECT,EQ,609.5,-0.68,8561.24,2.72,16.5
SAMHI,EQ,154.5,0.53,3435.46,10.74,16.44
SUNDRMFAST,EQ,1129.0,-0.9,23723.49,1.46,16.42
SEAMECLTD,EQ,1597.0,-2.72,4060.37,1.03,16.38
SHAKTIPUMP,EQ,452.7,-1.87,5586.23,3.58,16.31
FSL,EQ,250.05,-2.25,17428.26,6.46,16.22
WEBELSOLAR,EQ,67.52,-4.31,2931.47,23.57,16.17
RHIM,EQ,386.6,0.45,7983.35,4.22,16.17
MEDIASSIST,EQ,295.0,-2.4,2203.7,5.42,16.14
BHARTIHEXA,EQ,1378.8,-3.21,68940.0,1.17,16.11
CEATLTD,EQ,3284.5,0.62,13285.83,0.5,16.1
MOMENTUM50,EQ,52.45,-0.17,397.57,31.11,16.09
TECHNOE,EQ,1001.0,-0.77,11641.59,1.59,15.92
SILVER,EQ,218.05,-0.42,2913.08,7.28,15.91
PGHH,EQ,6650.0,-2.18,21586.39,0.24,15.91
BHARATCOAL,EQ,31.84,-2.93,14827.89,49.59,15.8
GSFC,EQ,147.4,-2.25,5873.56,10.71,15.79
KPIL,EQ,1359.1,-1.56,23209.7,1.15,15.74
TIPSMUSIC,EQ,646.8,-1.68,8268.15,2.45,15.72
ARSSBL,EQ,521.0,1.15,3285.76,3.01,15.67
BOROLTD,EQ,280.4,-4.43,3353.24,5.6,15.63
AKUMS,EQ,815.8,-0.33,12840.2,1.91,15.61
INOXGREEN,EQ,158.51,-1.59,6364.05,9.81,15.6
MANINFRA,EQ,124.7,-1.7,5033.72,12.52,15.59
JUBLINGREA,EQ,636.3,-2.59,10135.06,2.44,15.57
GOPAL,EQ,253.0,0.82,3154.07,5.93,15.51
NEPHROPLUS,EQ,647.7,-1.83,6513.21,2.39,15.45
LCCPROJECT,EQ,151.75,-1.69,4395.76,10.1,15.34
INDORAMA,EQ,95.8,-4.54,2501.46,16.09,15.32
ALIVUS,EQ,1380.0,0.05,16942.46,1.12,15.23
MUKANDLTD,EQ,171.88,-4.58,2483.59,8.59,15.21
GILLETTE,EQ,6900.0,-1.43,22483.8,0.22,15.18
ARIS,EQ,138.15,-3.98,1129.98,10.87,15.12
BIRLACABLE,EQ,382.0,0.22,1146.0,4.03,15.11
GUJTHEM,EQ,382.2,-1.39,4974.4,3.98,15.1
POLYMED,EQ,1642.0,-1.9,16643.55,0.92,14.99
TOP10ADD,EQ,82.0,-0.55,656.06,18.09,14.94
SHANKESH,EQ,88.39,-2.06,1299.61,16.73,14.83
KPL,EQ,3600.0,-1.14,3735.43,0.42,14.83
DIVGIITTS,EQ,1147.0,-2.94,3507.86,1.3,14.76
POCL,EQ,435.5,-3.79,3321.92,3.34,14.73
MSTCLTD,EQ,705.0,-1.36,4963.2,2.08,14.65
EPACKPEB,EQ,242.73,-0.19,2442.62,5.99,14.6
PGIL,EQ,1275.9,-0.48,11786.9,1.16,14.55
ZAGGLE,EQ,171.7,-0.85,2308.65,8.43,14.53
MBAPL,EQ,166.0,-2.71,7273.04,8.67,14.51
CORDELIA,EQ,100.59,-1.95,7282.17,14.44,14.49
HTEL,EQ,72.0,-0.4,682.94,19.86,14.47
GIPCL,EQ,175.25,-2.47,2720.16,8.25,14.46
EIEL,EQ,184.0,-2.96,3229.75,7.76,14.44
MODEFENCE,EQ,101.34,-0.51,1282.46,14.35,14.4
POWERICA,EQ,583.0,-2.93,7377.97,2.42,14.36
GVPIL,EQ,682.8,0.65,4590.29,2.13,14.33
GOKEX,EQ,683.0,-0.7,5004.86,2.08,14.28
CRISIL,EQ,4433.0,-0.4,32418.54,0.32,14.26
KDDL,EQ,3910.0,0.59,4809.02,0.36,14.24
ALPHA,EQ,51.26,-1.23,888.47,27.7,14.2
CENTRALBK,EQ,30.05,-1.35,27199.46,47.08,14.15
JKPAPER,EQ,383.55,-2.58,6954.48,3.65,14.02
ASAHIINDIA,EQ,948.6,-1.07,24182.39,1.48,14.01
CMLL,EQ,519.3,-2.4,3394.96,2.68,13.97
JKLAKSHMI,EQ,473.95,-3.73,5883.83,2.9,13.88
KMCSHIL,EQ,171.7,0.33,2800.17,7.96,13.84
AVL,EQ,574.0,-3.42,7412.52,2.42,13.82
TIMKEN,EQ,3097.0,-1.24,23295.24,0.44,13.73
VTL,EQ,530.0,-0.86,15347.57,2.6,13.68
STOVEKRAFT,EQ,810.0,1.89,2681.69,1.7,13.68
GOLDAXIS,EQ,122.15,-0.27,5556.69,11.1,13.6
EMCURE,EQ,1934.0,-0.46,36690.04,0.7,13.55
DYCL,EQ,424.0,-3.01,2054.65,3.13,13.37
RIR,EQ,176.9,-3.91,1407.64,7.48,13.36
PFIZER,EQ,3857.0,-0.47,17644.9,0.35,13.28
RISHABH,EQ,718.0,2.13,2778.44,1.92,13.28
CAMPUS,EQ,206.0,-1.36,6297.0,6.47,13.23
HERITGFOOD,EQ,402.1,0.02,3731.33,3.25,13.17
ATUL,EQ,5869.5,-0.78,17280.84,0.22,13.15
GPTINFRA,EQ,118.0,-0.29,1491.1,11.03,13.15
GOLDIAM,EQ,311.45,-0.64,4689.1,4.23,13.11
TRUALT,EQ,444.5,-5.15,3811.7,2.91,13.04
DEVYANI,EQ,127.2,-2.37,15682.99,10.21,12.97
TRIVENI,EQ,232.7,-1.27,5052.39,5.58,12.95
POWERMECH,EQ,2474.0,-0.66,7821.87,0.53,12.92
DALBHARAT,EQ,1688.0,0.26,31661.13,0.77,12.92
MUNJALAU,EQ,104.3,-7.58,1043.0,12.0,12.81
GSPCROP,EQ,452.0,-3.24,2102.65,2.8,12.79
EXICOM,EQ,151.92,-0.12,2112.9,8.4,12.77
MOIL,EQ,232.79,-2.09,4736.93,5.46,12.77
JINDWORLD,EQ,46.1,-0.95,4622.0,27.85,12.69
JNPR,EQ,269.8,-1.28,15351.58,4.69,12.68
PRANAV,EQ,96.89,-3.21,1091.2,12.95,12.68
GKENERGY,EQ,114.88,-4.17,2329.96,11.01,12.68
THELEELA,EQ,569.9,-0.68,19032.26,2.23,12.62
HEXT,EQ,491.0,-0.63,30000.89,2.58,12.61
VESUVIUS,EQ,405.25,-4.47,8224.99,3.06,12.6
DCMSHRIRAM,EQ,907.5,-0.88,14151.76,1.39,12.46
STEELCAS,EQ,355.0,-5.89,3592.6,3.5,12.45
RAYMONDLSL,EQ,625.0,-2.66,3807.73,1.98,12.41
QUESS,EQ,334.3,-0.19,4993.97,3.7,12.39
BHAGERIA,EQ,381.5,-6.14,1665.03,3.2,12.35
SFL,EQ,617.5,-2.62,6743.3,1.98,12.3
AEROPLANE,EQ,207.15,0.28,2145.07,5.91,12.29
ABLBL,EQ,74.4,-2.77,9080.68,16.47,12.27
ASHAPURMIN,EQ,488.0,-3.2,4661.67,2.47,12.21
ULTRAMAR,EQ,406.3,-0.76,1186.4,2.99,12.14
RATNAMANI,EQ,2620.0,-3.87,18364.1,0.46,12.13
PRAJIND,EQ,303.4,-0.8,5576.89,4.01,12.11
RALLIS,EQ,199.9,0.09,3887.43,6.07,12.08
AIIL,EQ,539.0,-1.39,45773.25,2.24,12.02
WALCHANNAG,EQ,196.0,-2.12,1330.93,6.12,12.02
EMBDL,EQ,56.0,-4.29,7787.55,21.14,11.95
WENDT,EQ,8100.0,-3.01,1620.0,0.15,11.94
DBREALTY,EQ,91.7,-4.99,4973.87,12.73,11.88
CHALET,EQ,834.9,-1.22,18283.82,1.43,11.86
SANDUMA,EQ,177.15,-2.76,8611.35,6.62,11.84
CRAMC,EQ,216.7,-3.56,4321.38,5.41,11.84
THYROCARE,EQ,531.0,-0.59,8451.68,2.24,11.84
GREENPLY,EQ,304.0,1.35,3797.02,3.94,11.83
PARKHOSPS,EQ,270.0,-1.8,11662.13,4.36,11.82
AIAENG,EQ,3814.2,-1.42,35594.26,0.31,11.81
SAREGAMA,EQ,493.0,-2.67,9505.51,2.38,11.77
UNIVCABLES,EQ,1432.3,-0.74,4969.42,0.82,11.67
ETHOSLTD,EQ,2548.9,0.46,6820.27,0.46,11.64
UNIPARTS,EQ,807.1,-3.46,3644.95,1.41,11.52
KNACK,EQ,180.3,0.17,2206.24,6.34,11.46
VERANDA,EQ,212.3,-3.83,2048.84,5.22,11.45
SALSTEEL,EQ,99.9,0.85,1446.22,11.73,11.44
SAPPHIRE,EQ,209.04,-1.43,6718.19,5.47,11.4
MASTEK,EQ,1556.0,-0.44,4824.59,0.72,11.33
TNPETRO,EQ,121.3,-2.24,1091.35,9.29,11.33
NPST,EQ,1764.0,-0.05,3680.32,0.65,11.32
KPRMILL,EQ,1067.9,-3.21,36502.32,1.05,11.25
PREMEXPLN,EQ,680.0,-0.6,3655.76,1.65,11.23
KSCL,EQ,713.5,-1.67,3670.18,1.57,11.22
STYRENIX,EQ,2060.0,2.21,3622.64,0.56,11.21
TATVA,EQ,1750.0,-1.92,4093.61,0.64,11.15
WANBURY,EQ,196.9,-1.3,688.5,5.64,11.06
AURIONPRO,EQ,595.95,-4.2,3293.32,1.81,11.05
SANDHAR,EQ,564.0,-3.74,3394.76,1.95,10.97
AWFIS,EQ,235.0,-3.73,1681.73,4.59,10.94
INDRAMEDCO,EQ,338.0,-3.14,3098.55,3.21,10.87
ITDC,EQ,667.8,-2.89,5727.68,1.62,10.87
EQUITASBNK,EQ,68.2,-1.06,7802.95,15.88,10.8
VIPIND,EQ,280.05,-3.75,3978.21,3.83,10.8
IXIGO,EQ,161.9,-0.61,7141.17,6.66,10.75
DHAMPURSUG,EQ,172.0,0.34,1106.07,6.34,10.74
MMFL,EQ,569.0,-4.94,2747.22,1.87,10.74
ALOKINDS,EQ,7.07,-0.28,3510.42,152.12,10.69
GOLDBETA,EQ,123.45,-0.32,4395.38,8.64,10.68
RGL,EQ,160.15,-2.95,1720.13,6.58,10.68
KINGFA,EQ,6550.0,1.04,8876.15,0.16,10.67
GODREJIND,EQ,1021.9,-1.68,34422.81,1.05,10.65
RPGLIFE,EQ,2949.9,-2.87,4878.84,0.36,10.64
PROSTARM,EQ,134.35,-0.23,790.98,7.66,10.63
ARFIN,EQ,87.28,-2.14,1472.61,12.11,10.61
MANALIPETC,EQ,78.0,-3.68,1341.59,13.65,10.58
RICOAUTO,EQ,121.0,-4.66,1636.95,8.64,10.58
ICRA,EQ,4301.0,1.63,4150.99,0.25,10.57
VGUARD,EQ,294.35,-0.71,12860.59,3.59,10.57
VIVIANA,EQ,770.0,9.32,779.61,1.4,10.55
ASIANENE,EQ,470.0,-0.39,2287.14,2.29,10.55
RCF,EQ,106.51,-3.15,5876.03,9.78,10.52
ERIS,EQ,1190.8,-0.09,16520.99,0.89,10.51
SOBHA,EQ,1210.0,-0.95,12938.87,0.87,10.48
SAKAR,EQ,1089.0,-0.38,2423.02,0.97,10.46
WAAREERTL,EQ,809.95,-1.22,8454.19,1.29,10.45
WSTCSTPAPR,EQ,731.8,-0.65,4833.46,1.45,10.45
SBFC,EQ,84.32,-1.36,9351.28,12.36,10.44
HGINFRA,EQ,418.15,-3.37,2725.13,2.48,10.42
AFCONS,EQ,242.0,-2.34,8900.39,4.29,10.41
ARDEE,EQ,48.45,-4.57,1527.15,21.07,10.39
INDNIPPON,EQ,1210.0,-2.76,2737.19,0.84,10.33
LCL,EQ,556.0,-0.21,5874.14,1.88,10.3
RSL,EQ,175.0,3.94,1462.43,5.92,10.28
SARDAEN,EQ,496.0,-0.26,17478.11,2.08,10.28
CMRGREEN,EQ,223.4,-0.64,4893.7,4.59,10.25
INTERARCH,EQ,1669.0,-0.26,2806.76,0.61,10.23
MAHLOG,EQ,414.5,-4.9,4115.05,2.43,10.21
ASHOKA,EQ,105.35,-2.23,2957.42,9.61,10.12
KLBRENG-B,EQ,520.0,-0.75,2720.27,1.94,10.07
LATENTVIEW,EQ,235.98,-0.01,4886.75,4.22,9.87
AGI,EQ,800.0,-0.55,5175.79,1.25,9.85
JINDRILL,EQ,587.55,-2.17,1702.78,1.68,9.85
BNAGROCHEM,EQ,228.48,5.0,2233.92,4.35,9.84
UFLEX,EQ,649.9,-1.21,4693.02,1.51,9.83
TVSSCS,EQ,128.01,-1.96,5648.11,7.67,9.81
KUSUMGAR,EQ,601.0,0.01,6309.98,1.66,9.79
INDIAMART,EQ,1622.0,-0.43,9755.22,0.61,9.77
CIEINDIA,EQ,375.05,-2.91,14227.99,2.6,9.77
PARACABLES,EQ,56.46,0.18,1847.59,17.17,9.74
VIDYAWIRES,EQ,90.5,-4.14,1924.87,10.67,9.71
HLEGLAS,EQ,444.65,1.19,3088.3,2.2,9.68
GANESHHOU,EQ,698.0,-2.92,5820.42,1.38,9.65
SKFINDUS,EQ,2685.0,-3.0,13274.09,0.36,9.61
JAYBARMARU,EQ,131.0,2.03,1418.08,7.46,9.57
EUREKAFORB,EQ,350.05,-3.03,6775.19,2.66,9.56
AVADHSUGAR,EQ,766.15,-4.26,1533.71,1.25,9.54
LANDMARK,EQ,465.8,-2.08,1931.44,2.06,9.54
FOSECOIND,EQ,6341.0,-1.88,4779.38,0.15,9.46
FMGOETZE,EQ,447.0,0.3,2486.76,2.12,9.4
UTLSOLAR,EQ,401.0,0.64,12306.76,2.37,9.38
FINEORG,EQ,5150.0,0.5,15789.89,0.18,9.37
LUMAXIND,EQ,5533.0,-0.64,5172.1,0.17,9.27
REFEX,EQ,270.8,2.09,3716.15,3.43,9.22
SKFINDIA,EQ,1454.8,-3.65,7192.23,0.63,9.21
MAHSCOOTER,EQ,12350.0,-1.8,14114.28,0.07,9.21
VENKEYS,EQ,1620.0,2.01,2282.15,0.58,9.14
ALGOQUANT,EQ,67.63,2.42,1901.05,13.8,9.14
ORCHPHARMA,EQ,983.45,-1.36,5889.41,0.92,9.13
SHARDACROP,EQ,713.0,-1.45,6432.72,1.29,9.13
MUFIN,EQ,129.81,-1.29,2572.34,6.99,9.11
YASHO,EQ,3995.0,-0.26,4816.81,0.23,9.1
TIIL,EQ,2904.0,0.11,6584.18,0.32,9.1
DEEDEV,EQ,659.05,-2.64,4958.66,1.38,9.1
ALEMBICLTD,EQ,104.45,-2.59,2682.09,8.68,9.08
RTNPOWER,EQ,6.78,-1.6,3640.93,134.29,9.06
GUFICBIO,EQ,420.3,-2.71,4214.87,2.19,9.02
MOGSEC,EQ,65.18,0.66,152.72,13.81,8.97
JAYKAY,EQ,202.0,-1.43,3047.35,4.37,8.9
TVSELECT,EQ,394.1,-5.3,735.01,2.22,8.9
OSWALPUMPS,EQ,264.55,-0.82,3016.0,3.37,8.89
SMALLCAP,EQ,47.43,-0.9,920.99,18.79,8.87
SHANTIGEAR,EQ,578.9,-0.17,4441.08,1.5,8.85
IONEXCHANG,EQ,405.65,-1.34,5949.53,2.19,8.84
ORIENTHOT,EQ,139.5,-2.01,2491.46,6.28,8.82
FUSION,EQ,171.5,-2.04,2776.79,5.11,8.82
MEDPLUS,EQ,650.2,-0.72,7811.31,1.35,8.78
TALBROAUTO,EQ,421.0,-2.06,2598.76,2.08,8.74
UCOBANK,EQ,22.92,-1.55,28740.67,37.88,8.74
HDFCNIFTY,EQ,254.23,-0.63,4613.12,3.42,8.67
LGBBROSLTD,EQ,1721.7,-0.49,5490.92,0.5,8.64
ARVINDFASN,EQ,382.3,-1.33,5111.53,2.27,8.62
GODREJAGRO,EQ,633.0,1.52,12179.64,1.37,8.55
IOB,EQ,30.58,-1.23,58886.65,27.74,8.45
COMSYN,EQ,263.5,-2.3,1062.94,3.19,8.38
HEMIPROP,EQ,111.7,-2.08,3183.45,7.5,8.36
CELLO,EQ,326.7,0.35,7368.34,2.61,8.35
ADVANCE,EQ,117.78,-2.81,757.16,7.04,8.24
SILVERCASE,EQ,22.12,-0.36,1131.0,37.05,8.21
DREDGECORP,EQ,891.0,-3.17,2494.8,0.91,8.2
GRMOVER,EQ,77.01,-2.42,1595.72,10.53,8.18
INDIAGLYCO,EQ,299.0,-2.73,2004.1,2.73,8.15
NETWORK18,EQ,25.38,-1.89,3913.6,31.89,8.12
JUSTDIAL,EQ,651.55,-2.19,5541.37,1.24,8.11
GLOBAL,EQ,137.7,3.69,700.91,6.06,8.08
PRUDENT,EQ,3101.5,-0.89,12842.28,0.26,8.06
ESTER,EQ,95.1,-6.05,991.85,8.07,8.04
VINDHYATEL,EQ,2620.0,-1.61,3104.93,0.31,8.04
INDIGOPNTS,EQ,1052.0,-3.57,5021.47,0.76,8.03
BAYERCROP,EQ,3554.0,-2.03,17808.12,0.23,8.01
PANAMAPET,EQ,487.75,0.72,2950.58,1.65,7.95
EPIGRAL,EQ,979.9,-3.22,4227.42,0.8,7.93
HINDOILEXP,EQ,168.47,-1.8,2227.9,4.73,7.91
NOVARTIND,EQ,1960.0,2.14,4839.4,0.41,7.9
GAEL,EQ,157.32,-1.8,7215.81,5.04,7.89
RML,EQ,1356.0,0.3,3747.6,0.58,7.88
PRIORITY,EQ,291.55,-3.33,524.79,2.71,7.87
MAPMYINDIA,EQ,844.05,-1.64,4626.59,0.92,7.83
GODIGIT,EQ,255.35,-1.81,23623.62,3.05,7.83
MANOMAY,EQ,237.14,-1.46,428.01,3.24,7.81
BATAINDIA,EQ,612.6,-0.99,7873.6,1.27,7.78
ROUTE,EQ,438.85,-1.38,2764.89,1.78,7.77
